case_id,slide_id,label
32,482610,endometrioid
32,482611,endometrioid
46,482804,high_grade
46,482805,high_grade
46,482806,high_grade
44,482815,endometrioid
44,482816,endometrioid
44,482818,endometrioid
44,483123,endometrioid
31,a482608,high_grade
31,482609,high_grade
47,482807,high_grade
47,482808,high_grade
47,482809,high_grade
47,482810,high_grade
15,482683,mucinous
15,482685,mucinous
15,482686,mucinous
15,483405,mucinous
48,482822,mucinous
48,482823,mucinous
48,482824,mucinous
48,482825,mucinous
48,482826,mucinous
48,482827,mucinous
34,482772,high_grade
34,482773,high_grade
34,482774,high_grade
43,482811,endometrioid
43,482812,endometrioid
43,482813,endometrioid
43,482814,endometrioid
45,482819,clear_cell
45,482820,clear_cell
45,482821,clear_cell
30,482604,high_grade
30,482605,high_grade
30,482607,high_grade
30,483820,high_grade
39,482846,low_grade
39,482847,low_grade
39,482848,low_grade
39,482849,low_grade
17,482674,high_grade
17,482675,high_grade
17,482676,high_grade
17,482677,high_grade
17,482678,high_grade
17,483406,high_grade
22,482663,high_grade
22,482664,high_grade
22,482665,high_grade
22,482666,high_grade
22,483800,high_grade
24,482638,endometrioid
24,482639,endometrioid
24,482641,endometrioid
24,483810,endometrioid
26,482635,high_grade
26,482636,high_grade
26,482637,high_grade
19,482672,endometrioid
19,482673,endometrioid
19,483399,endometrioid
33,482767,high_grade
33,482768,high_grade
33,482769,high_grade
33,482770,high_grade
33,482771,high_grade
35,482857,mucinous
35,482858,mucinous
35,482859,mucinous
35,482860,mucinous
38,482842,high_grade
38,482843,high_grade
38,482844,high_grade
38,482845,high_grade
37,482854,high_grade
37,482855,high_grade
37,483114,high_grade
37,483115,high_grade
36,482861,high_grade
36,482862,high_grade
16,482680,clear_cell
16,482681,clear_cell
16,482682,clear_cell
28,482612,clear_cell
28,482613,clear_cell
28,482614,clear_cell
28,482615,clear_cell
40,482828,high_grade
40,482829,high_grade
40,482830,high_grade
40,482831,high_grade
40,482832,high_grade
41,482833,clear_cell
41,482834,clear_cell
41,482835,clear_cell
41,483113,clear_cell
42,482837,mucinous
42,482838,mucinous
42,482840,mucinous
42,482841,mucinous
42,483122,mucinous
27,482620,clear_cell
27,482621,clear_cell
27,482622,clear_cell
27,482623,clear_cell
25,482624,mucinous
25,482625,mucinous
25,482626,mucinous
25,482627,mucinous
25,482628,mucinous
25,483813,mucinous
29,482617,endometrioid
29,482618,endometrioid
29,483831,endometrioid
29,483836,endometrioid
23,482642,endometrioid
23,482643,endometrioid
23,482644,endometrioid
23,482645,endometrioid
23,482646,endometrioid
23,482647,endometrioid
23,482648,endometrioid
23,482649,endometrioid
20,482659,mucinous
20,482660,mucinous
129,487815,high_grade
129,487818,high_grade
129,487820,high_grade
129,487822,high_grade
128,487810,high_grade
128,487813,high_grade
128,487814,high_grade
136,483726,high_grade
136,483727,high_grade
136,483728,high_grade
136,483729,high_grade
136,483731,high_grade
136,484203,high_grade
140,483672,high_grade
140,483673,high_grade
140,483674,high_grade
140,483675,high_grade
140,483676,high_grade
140,483677,high_grade
140,483678,high_grade
140,483679,high_grade
89,482756,high_grade
89,482757,high_grade
89,482758,high_grade
89,482759,high_grade
89,482760,high_grade
89,482761,high_grade
89,482762,high_grade
89,482763,high_grade
89,482764,high_grade
133,483710,endometrioid
133,483711,endometrioid
133,483713,endometrioid
133,483714,endometrioid
133,483715,endometrioid
133,483716,endometrioid
133,483717,endometrioid
133,483718,endometrioid
133,483719,endometrioid
133,484199,endometrioid
99,482687,high_grade
99,482688,high_grade
92,482745,high_grade
92,482746,high_grade
125,487919,endometrioid
125,487920,endometrioid
125,487921,endometrioid
125,487922,endometrioid
125,487923,endometrioid
138,483720,mucinous
138,483721,mucinous
138,483722,mucinous
87,482592,endometrioid
87,482593,endometrioid
87,482594,endometrioid
137,483723,endometrioid
137,483724,endometrioid
137,483725,endometrioid
95,482723,endometrioid
95,482724,endometrioid
95,482725,endometrioid
95,482726,endometrioid
95,482727,endometrioid
95,482728,endometrioid
95,482729,endometrioid
95,482730,endometrioid
95,482737,endometrioid
95,482738,endometrioid
126,487924,clear_cell
126,487925,clear_cell
126,487926,clear_cell
124,487928,clear_cell
93,482739,endometrioid
93,482740,endometrioid
93,482743,endometrioid
93,482744,endometrioid
93,483385,endometrioid
93,483391,endometrioid
116,491938,high_grade
108,487850,clear_cell
108,487851,clear_cell
109,487853,clear_cell
109,487855,clear_cell
109,483708,clear_cell
97,482704,high_grade
97,482705,high_grade
90,482750,low_grade
90,482751,low_grade
112,487831,low_grade
112,487836,low_grade
112,487838,low_grade
148,483777,high_grade
98,482695,high_grade
98,482696,high_grade
98,482697,high_grade
103,483682,high_grade
103,483683,high_grade
103,483684,high_grade
105,487856,high_grade
105,487857,high_grade
105,487858,high_grade
105,487859,high_grade
104,483685,low_grade
104,483686,low_grade
104,483687,low_grade
96,482717,high_grade
96,482718,high_grade
96,482719,high_grade
102,483680,mucinous
102,483681,mucinous
101,483688,high_grade
101,483689,high_grade
127,487910,high_grade
127,487911,high_grade
127,487912,high_grade
127,487913,high_grade
127,487915,high_grade
127,487916,high_grade
127,487917,high_grade
62,482783,high_grade
62,482784,high_grade
62,482785,high_grade
62,482786,high_grade
62,482787,high_grade
62,482788,high_grade
61,482791,high_grade
61,482792,high_grade
61,482793,high_grade
61,482794,high_grade
65,482597,mucinous
65,482598,mucinous
65,482599,mucinous
65,482600,mucinous
64,482775,clear_cell
64,482776,clear_cell
64,482777,clear_cell
64,482778,clear_cell
64,482779,clear_cell
64,482780,clear_cell
64,482781,clear_cell
63,482850,clear_cell
63,482851,clear_cell
63,482852,clear_cell
66,482601,mucinous
66,482602,mucinous
158,491941,high_grade
163,480274,high_grade
163,480326,high_grade
177,483779,high_grade
177,483923,high_grade
196,492233,high_grade
196,482951,high_grade
196,482952,high_grade
196,482953,high_grade
196,482954,high_grade
196,482955,high_grade
196,482957,high_grade
196,482958,high_grade
196,483111,high_grade
234,482948,high_grade
234,482949,high_grade
234,482950,high_grade
237,491943,high_grade
237,492246,high_grade
220,491823,mucinous
220,491826,mucinous
220,491828,mucinous
220,491831,mucinous
221,491810,high_grade
221,491814,high_grade
221,491816,high_grade
170,480189,high_grade
170,480194,high_grade
170,480198,high_grade
169,480164,high_grade
169,480169,high_grade
169,480173,high_grade
169,480177,high_grade
169,480180,high_grade
232,480332,high_grade
232,480333,high_grade
232,480334,high_grade
232,480335,high_grade
232,480336,high_grade
232,480337,high_grade
232,480338,high_grade
162,480312,high_grade
162,480316,high_grade
162,480320,high_grade
162,480323,high_grade
162,480324,high_grade
162,480325,high_grade
238,482971,high_grade
238,482972,high_grade
238,482973,high_grade
238,482974,high_grade
270,491894,high_grade
270,491898,high_grade
242,480368,low_grade
242,480369,low_grade
242,480370,low_grade
242,480374,low_grade
242,480379,low_grade
242,480386,low_grade
242,480398,low_grade
243,480400,high_grade
243,480401,high_grade
243,480402,high_grade
243,480403,high_grade
243,480404,high_grade
243,480405,high_grade
243,480406,high_grade
243,480407,high_grade
243,480408,high_grade
240,480357,high_grade
240,480358,high_grade
240,480359,high_grade
240,480360,high_grade
240,480361,high_grade
240,480363,high_grade
240,480364,high_grade
240,481143,high_grade
248,491913,high_grade
248,491914,high_grade
248,491915,high_grade
248,491916,high_grade
248,491917,high_grade
248,491918,high_grade
248,491919,high_grade
248,492261,high_grade
244,480409,high_grade
244,480410,high_grade
244,480412,high_grade
244,480413,high_grade
244,481149,high_grade
226,482864,high_grade
226,482865,high_grade
226,483358,high_grade
251,491925,low_grade
251,491926,low_grade
251,491928,low_grade
251,492264,low_grade
236,491939,endometrioid
236,480329,endometrioid
236,480330,endometrioid
236,480331,endometrioid
236,482943,endometrioid
236,482944,endometrioid
236,482945,endometrioid
236,482946,endometrioid
164,480279,high_grade
164,480284,high_grade
164,480288,high_grade
164,480294,high_grade
164,480298,high_grade
164,480303,high_grade
164,480307,high_grade
164,482966,high_grade
164,482967,high_grade
222,491940,high_grade
222,482879,high_grade
222,482880,high_grade
222,482881,high_grade
272,491891,high_grade
198,491881,high_grade
198,491882,high_grade
178,483769,high_grade
178,483771,high_grade
178,483772,high_grade
178,483920,high_grade
180,483784,high_grade
180,483785,high_grade
180,483786,high_grade
180,483927,high_grade
225,482868,high_grade
225,482869,high_grade
225,482870,high_grade
225,482871,high_grade
225,482872,high_grade
225,482873,high_grade
225,483359,high_grade
179,483751,high_grade
179,483752,high_grade
179,483753,high_grade
179,483754,high_grade
179,483755,high_grade
179,483756,high_grade
167,492258,low_grade
167,480120,low_grade
167,480124,low_grade
167,480130,low_grade
167,480135,low_grade
167,481118,low_grade
167,481121,low_grade
167,481128,low_grade
167,481465,low_grade
168,480151,high_grade
168,480156,high_grade
168,480159,high_grade
161,491792,high_grade
245,491902,high_grade
245,491903,high_grade
245,491904,high_grade
245,491905,high_grade
245,491906,high_grade
245,492256,high_grade
165,480221,high_grade
165,480226,high_grade
165,482959,high_grade
165,482960,high_grade
165,482961,high_grade
165,482962,high_grade
165,482963,high_grade
165,482964,high_grade
199,491849,clear_cell
199,491859,clear_cell
199,491863,clear_cell
199,491867,clear_cell
199,491871,clear_cell
199,491877,clear_cell
274,a482938,clear_cell
274,482899,clear_cell
274,482900,clear_cell
274,483373,clear_cell
277,482925,high_grade
277,482926,high_grade
277,482927,high_grade
278,482928,high_grade
278,482929,high_grade
279,482930,high_grade
279,482931,high_grade
279,482932,high_grade
279,482934,high_grade
280,482937,high_grade
281,481507,high_grade
281,481513,high_grade
283,482920,high_grade
283,482921,high_grade
285,480459,high_grade
286,480462,high_grade
286,481516,high_grade
287,480457,high_grade
287,480458,high_grade
289,480443,high_grade
289,480444,high_grade
289,480445,high_grade
289,480446,high_grade
289,480447,high_grade
290,480430,high_grade
290,480431,high_grade
290,480432,high_grade
293,480425,high_grade
293,480426,high_grade
293,480427,high_grade
293,480428,high_grade
293,482909,high_grade
294,482910,high_grade
295,482913,high_grade
295,482914,high_grade
295,482915,high_grade
295,482916,high_grade
295,483379,high_grade
296,482917,high_grade
297,491935,high_grade
297,483606,high_grade
297,483607,high_grade
297,483608,high_grade
298,483616,high_grade
299,483609,high_grade
299,483610,high_grade
300,483849,high_grade
301,483833,high_grade
301,483835,high_grade
301,483838,high_grade
302,483819,high_grade
302,483823,high_grade
302,483605,high_grade
303,483812,high_grade
303,483814,high_grade
303,483817,high_grade
303,483601,high_grade
303,483885,high_grade
304,483805,low_grade
304,483808,low_grade
305,483878,low_grade
305,483933,low_grade
306,483798,high_grade
307,483789,low_grade
307,483790,low_grade
310,483635,high_grade
310,483636,high_grade
310,483637,high_grade
310,483638,high_grade
311,483629,high_grade
311,483630,high_grade
311,483631,high_grade
311,483632,high_grade
316,484175,high_grade
329,483598,high_grade
329,483599,high_grade
338,491934,high_grade
339,491932,endometrioid
342,491929,high_grade
342,491930,high_grade
343,484302,high_grade
344,491803,high_grade
344,491806,high_grade
360,483568,high_grade
360,484168,high_grade
361,483572,high_grade
361,483573,high_grade
361,483574,high_grade
361,483575,high_grade
361,483576,high_grade
361,483577,high_grade
364,483578,high_grade
364,483579,high_grade
364,483580,high_grade
365,483650,endometrioid
365,483651,endometrioid
365,483652,endometrioid
365,483653,endometrioid
369,483654,high_grade
369,483655,high_grade
320,483625,high_grade
320,483626,high_grade
320,483627,high_grade
320,483628,high_grade
